,City,Cloudiness (%),Country,Date,Humidity (%),Latitude,Longitude,Max Temperature (F),Wind Speed (mph)
0,Saint-Augustin,0,FR,1554664889,71,44.83,-0.61,53.08,8.05
1,Rikitea,32,PF,1554664984,100,-23.12,-134.97,77.15,8.3
2,Talnakh,88,RU,1554664819,94,69.49,88.39,19.55,5.17
3,Ust-Tsilma,88,RU,1554665043,86,65.44,52.15,33.59,2.26
4,Kaitangata,0,NZ,1554665043,65,-46.28,169.85,33.05,3.71
5,Lerwick,0,GB,1554663000,70,60.15,-1.15,42.8,28.86
6,High Level,90,CA,1554663600,86,58.52,-117.13,33.8,3.36
7,Narsaq,88,GL,1554663000,91,60.91,-46.05,32,2.24
8,Dikson,36,RU,1554665010,100,73.51,80.55,11.09,2.93
9,Kodiak,75,US,1554664923,22,39.95,-94.76,72.1,11.41
10,Ust-Kan,68,RU,1554665044,76,50.93,84.77,21.8,2.48
11,Mataura,0,NZ,1554664988,70,-46.19,168.86,27.47,2.82
12,Honningsvag,75,NO,1554663000,63,70.98,25.97,29.39,16.11
13,Omsukchan,76,RU,1554665045,85,62.53,155.8,18.29,2.59
14,Mitu,80,IR,1554665045,96,36.2,46.09,39.98,2.15
15,Port Alfred,20,ZA,1554664899,90,-33.59,26.89,64.99,5.99
16,Kapaa,40,US,1554664698,73,22.08,-159.32,73.2,8.05
17,Castlemaine,90,IE,1554661800,71,52.17,-9.7,51.8,8.05
18,Bethel,20,US,1554663360,81,60.79,-161.76,29.01,14.99
19,Mahebourg,40,MU,1554665040,74,-20.41,57.7,79.05,16.11
20,Pucallpa,75,PE,1554660000,331,-8.38,-74.54,35.6,6.93
21,Ayr,90,GB,1554664963,87,55.46,-4.63,44.08,17.22
22,Ushuaia,75,AR,1554660000,75,-54.81,-68.31,42.04,27.51
23,Bredasdorp,0,ZA,1554663638,88,-34.53,20.04,64.17,3.36
24,Flinders,12,AU,1554664935,67,-34.58,150.85,62.06,3.36
25,Lompoc,1,US,1554664755,60,34.64,-120.46,70.93,10.29
26,Vaini,0,IN,1554665047,81,15.34,74.49,72.65,2.71
27,Bluff,0,AU,1554665047,86,-23.58,149.07,61.13,3.83
28,Shreveport,40,US,1554664812,83,32.52,-93.77,75.27,10.29
29,Lebach,40,DE,1554664813,81,49.41,6.91,53.06,10.29
30,Saint-Philippe,90,CA,1554665046,43,45.36,-73.48,50.27,4.7
31,Vao,24,EE,1554665048,62,59.1,26.19,45.2,6.85
32,Padang,76,ID,1554665048,100,-0.92,100.36,83.72,5.84
33,Busselton,0,AU,1554664812,59,-33.64,115.35,49.28,11.88
34,Linxia,48,CN,1554665049,80,35.6,103.21,40.16,3.27
35,Sayyan,0,YE,1554665049,82,15.17,44.32,52.58,0.81
36,Punta Arenas,0,CL,1554664350,88,-53.16,-70.91,48.11,14.99
37,Lorengau,92,PG,1554665049,100,-2.02,147.27,79.67,5.73
38,Cape Town,75,ZA,1554664861,93,-33.93,18.42,63.59,10.29
39,Aykhal,76,RU,1554665049,84,65.95,111.51,23.6,5.06
40,Pinega,36,RU,1554665050,85,64.7,43.39,32.51,4.5
41,Atuona,20,PF,1554665050,97,-9.8,-139.03,82.91,16.13
42,Berlevag,75,NO,1554663000,68,70.86,29.09,27.73,19.46
43,Flin Flon,90,CA,1554660000,79,54.77,-101.88,21.2,8.05
44,Ilulissat,75,GL,1554663000,41,69.22,-51.1,41,18.34
45,Paamiut,8,GL,1554664973,91,61.99,-49.67,33.77,12.77
46,Carnarvon,68,ZA,1554665051,51,-30.97,22.13,64.73,14.56
47,Sao Jose da Coroa Grande,76,BR,1554665051,88,-8.9,-35.15,81.29,9.64
48,Butaritari,92,KI,1554665051,100,3.07,172.79,80.57,12.21
49,Albany,75,US,1554664775,42,42.65,-73.75,63.95,4.7
50,Gazanjyk,68,TM,1554665051,80,39.24,55.52,56.81,3.83
51,Miyako,20,JP,1554664997,76,33.63,130.94,56.25,8.05
52,Yellowknife,90,CA,1554664656,86,62.45,-114.38,27.52,9.17
53,Fayaoue,0,NC,1554665052,100,-20.65,166.53,77.24,12.77
54,Turayf,0,SA,1554663600,37,31.68,38.65,68,13.87
55,Sterling,90,US,1554664938,52,39,-77.4,70.23,11.41
56,Cherskiy,0,RU,1554665053,47,68.75,161.3,-2.14,2.26
57,Bhachau,0,IN,1554665053,36,23.3,70.35,86.24,13
58,Meulaboh,48,ID,1554664806,100,4.14,96.13,80.84,1.92
59,Jamestown,0,AU,1554665053,81,-33.21,138.6,42.59,2.48
60,Russkiy Aktash,75,RU,1554661800,93,55.04,52.12,37.4,15.66
61,Hobart,40,AU,1554664876,76,-42.88,147.33,47.84,5.82
62,Alice Springs,8,AU,1554661800,42,-23.7,133.88,64.4,5.82
63,Kloulklubed,90,PW,1554663000,88,7.04,134.26,78.8,8.05
64,Kurush,0,RU,1554665054,94,41.28,47.83,34.4,1.7
65,Bandarbeyla,0,SO,1554665054,100,9.49,50.81,80.39,7.63
66,Beringovskiy,64,RU,1554665054,86,63.05,179.32,10.37,25.64
67,Ler,75,NO,1554664815,74,63.2,10.3,36.46,5.82
68,Barrow,0,AR,1554664921,37,-38.31,-60.23,82.91,10.09
69,Holme,32,GB,1554664946,71,53.7,-2.31,51.58,8.05
70,Hithadhoo,92,MV,1554665055,100,-0.6,73.08,85.43,3.6
71,Sioux Lookout,90,CA,1554660000,93,50.1,-91.92,36.73,8.05
72,Puerto Ayora,20,EC,1554664533,70,-0.74,-90.35,84.06,10.29
73,Qaanaaq,88,GL,1554665056,92,77.48,-69.36,19.28,15.01
74,Orumiyeh,75,IR,1554663600,57,37.55,45.08,50,6.93
75,Esna,80,RO,1554665056,61,45.2,27.57,54.47,4.72
76,Touros,40,BR,1554663600,70,-5.2,-35.46,86,14.99
77,Lebu,75,ET,1554660000,67,8.96,38.73,62.6,4.7
78,Kollam,20,IN,1554661800,74,8.88,76.6,86,3.36
79,Jaciara,92,BR,1554665057,70,-15.95,-54.98,80.21,5.95
80,Ola,12,RU,1554665057,82,59.58,151.3,27.56,17.81
81,Kamenka,0,RU,1554665057,83,53.19,44.05,23.06,2.93
82,Maracaju,68,BR,1554665058,83,-21.61,-55.17,74.45,6.73
83,Broome,90,GB,1554665049,93,52.47,1.45,46.6,6.93
84,Gushi,0,CN,1554665058,84,32.17,115.65,61.49,2.71
85,Grand-Santi,80,GF,1554665058,67,4.27,-54.38,83.9,3.15
86,Avarua,64,CK,1554663600,78,-21.21,-159.78,80.6,11.41
87,Ribeira Grande,40,PT,1554663600,62,38.52,-28.7,57.2,18.34
88,Hasaki,0,JP,1554664062,66,35.73,140.83,50.27,17.22
89,Codrington,0,AU,1554664790,93,-28.95,153.24,61.84,3.6
90,Kapuskasing,90,CA,1554660000,40,49.42,-82.43,35.6,16.11
91,Itarema,48,BR,1554665059,95,-2.92,-39.92,81.74,7.63
92,Parana,90,BR,1554660000,78,-7.52,-72.89,75.2,4.7
93,Hermanus,0,ZA,1554664632,87,-34.42,19.24,63.97,1.99
94,Tucurui,92,BR,1554664829,88,-3.77,-49.67,80.48,3.15
95,Molodizhne,56,UA,1554665060,70,45.01,34.06,50.06,6.17
96,Harper,90,US,1554665059,72,30.3,-99.24,64.35,4.7
97,Biltine,0,TD,1554665060,32,14.53,20.93,82.64,4.72
98,Tuktoyaktuk,90,CA,1554660000,77,69.44,-133.03,3.2,9.17
99,Salvador,40,BR,1554663600,70,-12.98,-38.48,86,10.29
100,Victoria,75,BN,1554661800,94,5.28,115.24,78.35,1.12
101,Charters Towers,0,AU,1554665062,89,-20.07,146.27,64.19,6.4
102,Bilibino,0,RU,1554665062,66,68.06,166.44,-1.69,2.93
103,Saint-Gabriel,90,CA,1554664786,65,46.3,-73.38,42.28,5.82
104,Tocache,88,PE,1554665062,96,-8.19,-76.51,60.68,2.48
105,Kahului,20,US,1554664838,57,20.89,-156.47,74.91,8.05
106,Jalu,0,LY,1554664902,45,29.03,21.55,74.36,2.59
107,Tautira,20,PF,1554664346,70,-17.73,-149.15,87.33,5.82
108,Myre,90,SE,1554664710,96,62.25,17.37,35.31,11.41
109,Lata,24,IN,1554665063,97,30.78,78.62,44.39,2.37
110,Namibe,0,AO,1554665063,100,-15.19,12.15,77.42,8.75
111,Tuatapere,8,NZ,1554665063,100,-46.13,167.69,43.31,3.38
112,Palmer,75,AU,1554665010,77,-34.85,139.16,59.36,8.05
113,Olinda,75,EC,1554664625,58,-2.03,-79.75,89.35,5.82
114,Katsuura,75,JP,1554663900,93,33.93,134.5,53.56,19.46
115,Arraial do Cabo,0,BR,1554663600,74,-22.97,-42.02,86.92,10.29
116,Ormara,0,PK,1554665064,71,25.21,64.64,80.39,13.44
117,Longyearbyen,20,NO,1554663000,78,78.22,15.63,10.4,3.36
118,Esperance,20,TT,1554664550,43,10.24,-61.45,87.69,14.99
119,Nelson Bay,0,AU,1554664850,87,-32.72,152.14,66.27,3.36
120,Ushirombo,48,TZ,1554665065,90,-3.47,31.9,67.79,3.49
121,Trelew,36,AR,1554665065,36,-43.25,-65.31,80.66,3.04
122,Saskylakh,8,RU,1554665065,75,71.97,114.09,13.16,11.21
123,Alofi,92,NU,1554663600,88,-19.06,-169.92,80.6,6.93
124,Troitskoye,0,RU,1554665066,76,52.98,84.68,20.45,3.49
125,Muravlenko,48,RU,1554665066,82,63.79,74.5,24.68,10.65
126,Monte Alegre,36,BR,1554665066,73,-2,-54.07,86.96,3.04
127,Kisangani,44,CD,1554665067,98,0.52,25.21,74.63,1.7
128,Tasiilaq,92,GL,1554663000,63,65.61,-37.64,30.2,21.92
129,Thompson,90,CA,1554660000,44,55.74,-97.86,21.2,10.29
130,Kavaratti,0,IN,1554665067,99,10.57,72.64,85.43,10.2
131,Mazagao,75,BR,1554663600,88,-0.12,-51.29,82.4,6.93
132,Filingue,0,NE,1554665067,18,14.35,3.32,96.23,7.74
133,Bom Jesus,44,BR,1554665068,82,-9.08,-44.36,83.99,4.61
134,Archidona,75,EC,1554660000,100,-0.91,-77.81,73.4,2.24
135,Mar del Plata,92,AR,1554664985,64,-46.43,-67.52,56.36,7.96
136,Pakxan,48,LA,1554665069,94,18.39,103.66,73.19,1.81
137,Moussoro,0,TD,1554665069,49,13.64,16.49,90.38,2.71
138,Formosa,20,AR,1554663600,50,-26.19,-58.17,78.8,11.41
139,Puerto Cabezas,75,NI,1554663600,70,14.04,-83.39,86,11.41
140,Gari,12,RU,1554665070,82,59.43,62.35,32.06,4.16
141,New Norfolk,40,AU,1554664820,76,-42.78,147.06,47.84,5.82
142,Severo-Kurilsk,88,RU,1554664982,95,50.68,156.12,32.51,21.83
143,Torbay,90,CA,1554664762,71,47.66,-52.73,33.06,17.22
144,Souillac,0,FR,1554665068,66,45.6,-0.6,52.38,6.93
145,Bathsheba,40,BB,1554660000,62,13.22,-59.52,84.2,23.04
146,Igurusi,36,TZ,1554665071,82,-8.83,33.85,65.18,4.5
147,Yanggu,92,CN,1554665071,94,25.39,116.32,64.46,2.15
148,Yugo-Kamskiy,0,RU,1554661800,52,57.7,55.58,46.4,11.18
149,Diffa,8,NE,1554665071,36,13.32,12.61,92.81,3.15
150,Pisco,0,PE,1554660000,30,-13.71,-76.2,71.6,10.29
151,Port Elizabeth,1,US,1554665059,48,39.31,-74.98,67.5,10.29
152,Upernavik,36,GL,1554665072,82,72.79,-56.15,36.56,17.92
153,Georgetown,20,GY,1554660000,58,6.8,-58.16,86.99,13.87
154,Ennis,75,IE,1554663600,71,52.84,-8.98,53.6,10.29
155,Port Hardy,75,CA,1554660000,87,50.7,-127.42,46.4,13.87
156,Atbasar,0,KZ,1554665072,79,51.81,68.36,35.57,6.96
157,Salalah,0,OM,1554663000,78,17.01,54.1,80.6,3.36
158,Grootfontein,40,NA,1554660000,44,-19.56,18.1,75.2,5.82
159,San Policarpo,68,PH,1554665073,100,12.18,125.51,77.69,8.19
160,Winnemucca,90,US,1554664525,39,40.97,-117.74,61.25,12.75
161,Sistranda,20,NO,1554665067,69,63.73,8.83,36.77,17.22
162,Mayumba,56,GA,1554665073,90,-3.44,10.65,82.46,8.63
163,Tabas,92,IR,1554663600,56,33.6,56.92,69.8,6.93
164,Husavik,88,CA,1554664817,99,50.56,-96.99,43,3
165,Yumen,88,CN,1554665074,42,40.29,97.04,50.6,17.47
166,Luganville,0,VU,1554665074,100,-15.51,167.18,81.38,12.21
167,Caravelas,0,BR,1554664796,96,-17.73,-39.27,83.18,13.67
168,Brokopondo,75,SR,1554660000,62,5.06,-54.98,84.2,12.75
169,West Wendover,1,US,1554663360,36,40.74,-114.07,62.6,10.29
170,Yerbogachen,48,RU,1554665075,72,61.28,108.01,28.01,6.62
171,Hajiganj,48,BD,1554665075,98,23.25,90.85,70.49,2.15
172,Polyarnyy,0,RU,1554661800,73,69.2,33.45,23,2.24
173,Ahipara,48,NZ,1554664941,94,-35.17,173.16,59.15,12.88
174,Norden,0,DE,1554665064,67,53.59,7.21,55.26,8.05
175,Hambantota,20,LK,1554660600,100,6.12,81.12,78.8,2.24
176,Morshansk,0,RU,1554665076,78,53.44,41.81,33.86,2.82
177,Port-Gentil,20,GA,1554663600,79,-0.72,8.78,84.2,6.93
178,Lavrentiya,0,RU,1554665076,90,65.58,-170.99,12.35,37.16
179,Clyde River,20,CA,1554663600,78,70.47,-68.59,12.2,6.93
180,Mandalay,0,MM,1554664958,96,21.98,96.08,68.06,5.84
181,Yar-Sale,80,RU,1554665077,79,66.83,70.83,23.6,11.77
182,Roebourne,44,AU,1554665077,89,-20.77,117.15,75.89,2.82
183,Farakka,20,IN,1554665077,86,24.79,87.91,71.48,7.18
184,Ravar,88,IR,1554665077,37,31.27,56.81,69.32,3.6
185,Svetlaya,24,RU,1554665078,98,46.54,138.33,29.45,3.38
186,Dawlatabad,0,AF,1554665078,82,36.41,64.91,61.31,7.63
187,Cumpas,0,MX,1554665078,26,30,-109.78,75.44,2.82
188,Juneau,90,US,1554663360,66,58.3,-134.42,46.99,16.11
189,Espeland,40,NO,1554664812,87,60.38,5.47,44.42,4.7
190,Saldanha,92,PT,1554664784,98,41.42,-6.55,46.28,7.74
191,Dingle,76,PH,1554665079,97,11,122.67,76.16,9.75
192,Golovchino,0,RU,1554661800,45,50.53,35.8,48.2,8.95
193,Cap Malheureux,40,MU,1554665040,74,-19.98,57.61,79.32,16.11
194,Pacific Grove,1,US,1554664939,68,36.62,-121.92,67.95,6.93
195,Maniitsoq,92,GL,1554665079,97,65.42,-52.9,32.51,8.19
196,Kauhajoki,90,FI,1554665049,96,62.43,22.18,38.21,3.36
197,Celestun,0,MX,1554664983,84,20.87,-90.4,83.81,8.63
198,Hilo,1,US,1554664851,54,19.71,-155.08,75.02,4.7
199,Biak,12,ID,1554664952,99,-0.91,122.88,78.59,1.59
200,Moramanga,92,MG,1554665080,100,-18.95,48.23,65,3.94
201,Akureyri,0,IS,1554663600,56,65.68,-18.09,41,9.17
202,Gijon,75,ES,1554665045,87,43.54,-5.66,50,3.36
203,Sao Filipe,0,CV,1554665081,91,14.9,-24.5,72.92,15.57
204,Ulaangom,24,MN,1554665081,80,49.98,92.07,18.11,2.37
205,Nikolskoye,0,RU,1554664836,45,59.7,30.79,42.1,6.71
206,Kendari,80,ID,1554665081,94,-3.99,122.52,75.53,2.71
207,East London,40,ZA,1554660000,83,-33.02,27.91,69.8,13.87
208,Vardo,75,US,1554665074,49,39.62,-77.74,69.55,14.99
209,Senno,88,RU,1554660000,37,57.76,27.95,51.8,4.47
210,Meadow Lake,75,CA,1554662580,82,54.13,-108.44,35.6,6.93
211,Ambanja,44,MG,1554665082,94,-13.68,48.45,73.01,1.59
212,Saint George,75,GR,1554665004,67,39.45,22.34,58.8,6.93
213,Khatanga,56,RU,1554664940,82,71.98,102.47,14.6,14.79
214,Chokurdakh,32,RU,1554665083,66,70.62,147.9,8.39,2.93
215,Palu,32,ID,1554665083,94,-0.9,119.87,66.26,1.48
216,Shimoda,75,JP,1554664811,72,34.7,138.93,58.19,4.7
217,Beira,20,ES,1554664995,87,43.2,-8.36,51.24,14.99
218,Simbahan,8,PH,1554665084,98,6.3,120.58,82.64,12.66
219,Kieta,80,PG,1554665084,100,-6.22,155.63,78.32,4.38
220,Chuy,20,UY,1554664923,86,-33.69,-53.46,72.47,4.61
221,Pearl Lagoon,75,NI,1554663600,70,12.34,-83.67,86,6.93
222,Nemuro,0,JP,1554665085,95,43.32,145.57,33.95,15.23
223,Texarkana,90,US,1554664824,100,33.44,-94.04,66.9,3.36
224,Beian,20,NO,1554665084,69,63.66,9.57,36.9,17.22
225,Kyren,92,RU,1554665085,92,51.68,102.13,25.4,2.15
226,Havoysund,75,NO,1554663000,74,71,24.66,29.59,20.8
227,Hervey Bay,0,AU,1554664546,88,-25.3,152.85,63.99,8.05
228,Yauya,36,PE,1554665086,78,-8.99,-77.29,55.28,2.48
229,Faanui,24,PF,1554664965,98,-16.48,-151.75,85.34,17.81
230,Kavieng,48,PG,1554664915,100,-2.57,150.8,78.59,4.5
231,Srandakan,32,ID,1554665086,96,-7.94,110.25,71.57,2.71
232,Puerto Escondido,40,MX,1554662580,69,15.86,-97.07,82.4,10.29
233,Kui Buri,8,TH,1554665086,93,12.07,99.86,75.98,1.92
234,Airai,12,TL,1554665087,91,-8.93,125.41,68.51,1.03
235,Ust-Omchug,56,RU,1554665087,69,61.13,149.63,11.09,2.48
236,Teahupoo,20,PF,1554664346,70,-17.83,-149.27,87.33,5.82
237,Iqaluit,90,CA,1554664325,85,63.75,-68.52,24.42,17.22
238,Sokolo,0,ML,1554665087,19,14.74,-6.12,94.7,10.65
239,Tiksi,56,RU,1554665088,74,71.64,128.87,19.64,10.42
240,Poum,75,MK,1554660000,62,41.28,20.71,53.6,3.36
241,Fortuna,20,ES,1554664832,30,38.18,-1.13,64.15,11.41
242,Puerto El Triunfo,40,SV,1554664380,62,13.27,-88.55,89.6,8.05
243,Vostok,44,RU,1554665088,82,46.45,135.83,20.99,1.81
244,Kresek,40,ID,1554665029,83,-6.13,106.38,78.69,4.7
245,Kutum,0,SD,1554665010,39,14.2,24.66,72.83,2.93
246,La Concepcion,40,PA,1554664799,62,8.51,-82.62,75.51,12.75
247,Trinidad,0,UY,1554665089,50,-33.52,-56.9,74.36,4.61
248,Langsa,76,ID,1554665089,94,4.47,97.97,72.65,2.15
249,Nanortalik,12,GL,1554665089,96,60.14,-45.24,32.96,4.16
250,Provideniya,0,RU,1554665090,100,64.42,-173.23,14.69,25.08
251,Louis Trichardt,20,ZA,1554665090,81,-23.04,29.91,67.16,4.27
252,San Patricio,0,PY,1554664927,61,-26.98,-56.83,76.52,5.73
253,San Quintin,0,PH,1554664933,83,17.54,120.52,69.23,2.37
254,Lodja,64,CD,1554665090,91,-3.52,23.6,75.26,4.16
255,Kapiri Mposhi,0,ZM,1554665090,51,-13.97,28.68,74.09,10.76
256,Dondo,40,MZ,1554663600,78,-19.62,34.74,77,6.96
257,Langxiang,56,CN,1554665091,85,46.95,128.87,27.11,2.48
258,Weligama,80,LK,1554664950,90,5.97,80.42,82.19,2.15
259,Kipit,64,PH,1554665091,79,8.05,122.53,77.69,8.3
260,Castro,75,CL,1554660000,77,-42.48,-73.76,64.4,12.75
261,Umm Kaddadah,0,SD,1554665092,16,13.6,26.69,78.05,3.6
262,Mozarlandia,44,BR,1554665092,90,-14.74,-50.57,84.08,3.27
263,Mountain Home,20,US,1554664871,100,43.13,-115.69,56.43,11.41
264,Srednekolymsk,44,RU,1554665012,89,67.46,153.71,5.96,2.71
265,Svetlogorsk,56,RU,1554661800,59,53.14,59.15,37.4,6.71
266,San Jose,92,PH,1554665071,91,15.79,120.99,74.81,2.04
267,Ponta do Sol,92,BR,1554664981,97,-20.63,-46,70.13,4.94
268,Champerico,5,MX,1554662760,23,16.38,-93.6,95,5.82
269,Makow Mazowiecki,0,PL,1554664839,66,52.86,21.1,52.3,1.12
270,Aklavik,40,CA,1554660000,65,68.22,-135.01,11.35,6.93
271,Zalantun,0,CN,1554665094,62,48,122.72,29.72,6.62
272,Huilong,8,CN,1554665094,84,28.89,110.18,59.69,3.71
273,Homer,20,US,1554664836,75,59.64,-151.54,43.34,4.7
274,Saint-Marc-des-Carrieres,1,CA,1554660000,27,46.68,-72.05,41.4,14.99
275,Puri,24,ID,1554665095,92,-7.54,112.45,70.49,2.82
276,Brainerd,90,US,1554664993,100,46.36,-94.2,47.73,11.99
277,Hun,88,BE,1554665079,93,50.34,4.87,53.15,10.29
278,San Rafael,0,AR,1554664822,15,-34.61,-68.33,86.15,8.86
279,Neuquen,0,AR,1554663600,31,-38.95,-68.06,87.8,3.36
280,Mana,0,RS,1554663600,44,43.52,20.24,54.23,5.82
281,Cabedelo,75,BR,1554663600,74,-6.97,-34.84,84.2,10.29
282,San Cristobal,75,EC,1554664505,63,-0.39,-78.55,62.55,17.22
283,Hofn,88,IS,1554665097,100,64.25,-15.21,36.65,15.57
284,Kiama,12,AU,1554665087,67,-34.67,150.86,63.3,3.36
285,Faya,0,SA,1554663600,72,18.39,42.45,65.32,6.93
286,Kijang,20,KR,1554663600,100,35.24,129.21,46.4,2.24
287,Avera,1,US,1554664921,57,33.19,-82.53,80.1,6.93
288,Cabo San Lucas,5,MX,1554664854,53,22.89,-109.91,77.54,10.29
289,Chifeng,0,CN,1554665099,47,42.27,118.96,26.93,6.4
290,Alekseyevka,40,RU,1554661800,100,53.25,50.49,41,6.71
291,Rio Gallegos,75,AR,1554663600,53,-51.62,-69.22,51.8,9.17
292,Mount Isa,0,AU,1554663600,64,-20.73,139.49,69.8,9.64
293,Hamilton,90,CA,1554665041,75,43.26,-79.87,52.9,13.87
294,Matadi,32,CD,1554665100,85,-5.83,13.46,80.57,5.17
295,Naze,40,NG,1554660000,78,5.43,7.07,82.4,9.17
296,Iralaya,20,HN,1554660000,55,15,-83.23,87.8,10.29
297,Ancud,75,CL,1554660000,77,-41.87,-73.83,64.4,12.75
298,Saint Anthony,90,US,1554664842,57,43.97,-111.68,49.21,21.92
299,Quelimane,20,MZ,1554660000,78,-17.88,36.89,80.6,4.7
300,Norman Wells,90,CA,1554660000,73,65.28,-126.83,24.8,2.24
301,Jardim,0,BR,1554665101,64,-21.48,-56.15,77.96,9.42
302,Ostrovnoy,56,RU,1554665078,90,68.05,39.51,26.93,7.18
303,Arua,68,UG,1554665102,76,3.02,30.91,75.35,2.26
304,Geraldton,90,CA,1554662940,75,49.72,-86.95,32,16.11
305,Salinopolis,92,BR,1554665102,100,-0.61,-47.36,79.85,6.17
306,Kampong Thum,68,KH,1554664906,83,12.71,104.89,78.68,4.38
307,Marienburg,0,DE,1554664999,44,52.12,9.98,57.4,4.7
308,Smyrna,90,US,1554665014,69,35.98,-86.52,72.41,11.41
309,Emba,0,CY,1554664584,87,34.81,32.42,57.69,5.82
310,Saint-Louis,75,CH,1554665002,76,47.59,7.56,47.61,11.41
311,Athens,1,US,1554665029,69,34.8,-86.97,76.55,8.05
312,Yarada,20,IN,1554660000,83,17.65,83.27,80.6,4.7
313,Sept-Iles,75,CA,1554664704,27,50.2,-66.38,25.9,16.11
314,Cayenne,75,GF,1554661800,78,4.94,-52.33,80.6,8.05
315,Santa Ana,40,SV,1554663045,65,13.99,-89.56,82.15,3.36
316,Neryungri,20,RU,1554665104,81,56.66,124.71,15.41,6.17
317,Fairbanks,1,US,1554665012,44,64.84,-147.72,40.78,3.36
318,Namatanai,80,PG,1554665105,100,-3.66,152.44,77.96,6.4
319,Half Moon Bay,1,US,1554664891,82,37.46,-122.43,66.6,6.93
320,Leningradskiy,44,RU,1554665105,78,69.38,178.42,-0.61,3.6
321,Soe,48,EE,1554664815,68,57.91,26.05,49.08,5.82
322,Fortuna Foothills,1,US,1554664684,15,32.66,-114.41,86,6.93
323,Tecoanapa,40,MX,1554662820,74,16.99,-99.26,82.4,11.41
324,Lagoa,40,PT,1554664646,93,37.14,-8.45,59.43,12.75
325,Brae,0,GB,1554663000,92,60.4,-1.35,42.8,25.28
326,Luderitz,0,NA,1554665107,82,-26.65,15.16,61.13,13.44
327,Maldonado,0,UY,1554660000,53,-34.91,-54.96,71.6,11.41
328,Ilhabela,64,BR,1554665107,100,-23.78,-45.36,78.59,8.3
329,Oranjemund,92,ZA,1554665107,92,-28.55,16.43,61.49,3.71
330,Honiara,64,SB,1554665108,100,-9.43,159.96,74.63,2.26
331,Sao Gabriel da Cachoeira,90,BR,1554663600,78,-0.13,-67.09,80.6,6.93
332,Tessalit,0,ML,1554665108,15,20.2,1.01,79.85,7.18
333,Acapulco,40,MX,1554662820,74,16.86,-99.88,82.4,11.41
334,Razole,0,IN,1554665108,98,16.48,81.84,83.9,10.76
335,Energeticheskiy,75,KZ,1554661800,81,43.43,77.02,42.8,2.24
336,Kalvarija,0,LT,1554665109,66,54.41,23.23,45.65,6.17
337,Rivers,20,CA,1554663600,76,50.03,-100.23,50,8.05
338,Kudahuvadhoo,92,MV,1554664866,100,2.67,72.89,82.28,5.61
339,College,1,US,1554664706,51,64.86,-147.8,36.43,5.82
340,Ereymentau,0,KZ,1554665109,70,51.62,73.1,30.89,6.17
341,Kilindoni,32,TZ,1554665109,100,-7.91,39.67,83,8.19
342,Tieli,44,CN,1554665110,89,46.98,128.05,30.8,4.94
343,Cam Ranh,20,VN,1554661800,88,11.92,109.15,78.8,4.7
344,Zhezkazgan,0,KZ,1554665110,69,47.8,67.71,41.24,15.01
345,Orange,0,AU,1554665085,72,-33.28,149.1,55.51,3.27
346,Cap-Chat,8,CA,1554665061,100,49.1,-66.68,22.97,19.48
347,Bubaque,8,GW,1554665111,73,11.28,-15.83,89.84,2.59
348,Troitsko-Pechorsk,44,RU,1554665111,90,62.71,56.19,34.49,5.84
349,Colares,40,PT,1554665106,87,38.8,-9.45,58.44,10.29
350,The Valley,40,AI,1554664608,58,18.22,-63.06,83.41,16.11
351,Anito,24,PH,1554665112,99,12.45,125.29,80.21,9.98
352,Arman,12,RU,1554665112,79,59.7,150.17,14.6,3.15
353,Mount Gambier,90,AU,1554660000,100,-37.83,140.78,53.6,6.93
354,Komsomolskiy,88,RU,1554665112,88,67.55,63.78,26.66,7.96
355,Walvis Bay,0,NA,1554663729,87,-22.95,14.51,57.02,5.82
356,Port Keats,92,AU,1554665113,100,-14.25,129.55,76.07,12.44
357,Westport,75,IE,1554664923,81,53.8,-9.52,48.25,13.87
358,Zemio,0,CF,1554665113,87,5.02,25.13,75.71,2.59
359,Isangel,24,VU,1554665113,100,-19.55,169.27,77.15,11.54
360,Birobidzhan,80,RU,1554665113,84,48.79,132.93,27.83,2.93
361,Rocha,0,UY,1554664918,61,-34.48,-54.34,73.82,4.38
362,Dire,75,ET,1554660000,67,9.18,38.92,62.6,4.7
363,Klaksvik,44,FO,1554663000,60,62.23,-6.59,41,13.87
364,Cidreira,88,BR,1554665114,96,-30.17,-50.22,69.68,7.96
365,Black Diamond,90,CA,1554665042,33,50.69,-114.23,48.42,4.7
366,Ghanzi,8,BW,1554665114,77,-21.7,21.65,68.51,2.71
367,Mogadishu,0,SO,1554665115,99,2.04,45.34,83.45,10.98
368,Mataquescuintla,75,GT,1554663600,50,14.53,-90.19,77,13.87
369,Port Lincoln,92,AU,1554664909,94,-34.72,135.86,64.1,14.45
370,Makinsk,0,KZ,1554665115,71,52.63,70.42,26.57,6.17
371,Bafoulabe,0,ML,1554665115,21,13.81,-10.83,96.68,9.98
372,Novikovo,44,UA,1554665115,83,45.05,34.56,49.16,3.71
373,Vila Velha,20,BR,1554664691,66,-3.71,-38.6,84.29,16.11
374,Campbell River,75,CA,1554664564,81,50.02,-125.24,48.87,5.82
375,Udala,20,ES,1554664820,76,43.08,-2.51,52.23,6.93
376,Zhigansk,64,RU,1554665116,75,66.77,123.37,23.51,6.73
377,Charagua,0,BO,1554660000,47,-19.79,-63.2,78.8,10.09
378,Pangnirtung,90,CA,1554660000,68,66.15,-65.72,26.6,5.82
379,Port Macquarie,40,AU,1554665105,93,-31.43,152.91,60.53,3.36
380,Saint-Pierre,75,FR,1554664798,71,48.95,4.24,53.42,11.41
381,Kangaatsiaq,36,GL,1554665117,90,68.31,-53.46,32.87,4.72
382,Eunice,90,US,1554665031,73,30.49,-92.42,77.59,8.05
383,Nizhniy Odes,12,RU,1554665117,92,63.64,54.86,30.35,3.04
384,Quatre Cocos,40,MU,1554665040,74,-20.21,57.76,79.18,16.11
385,Nome,90,US,1554665107,83,30.04,-94.42,67.64,25.28
386,Manokwari,44,ID,1554665118,100,-0.87,134.08,78.95,4.83
387,Channel-Port aux Basques,0,CA,1554665118,94,47.57,-59.14,30.08,26.19
388,Cody,1,US,1554664609,35,44.53,-109.06,58.8,18.34
389,Contai,0,IN,1554665118,92,21.78,87.75,82.91,16.91
390,Santa,0,PH,1554665118,83,17.49,120.43,69.23,2.37
391,Nantucket,1,US,1554664876,70,41.28,-70.1,52.23,12.75
392,Jieshi,88,CN,1554665119,94,22.82,115.83,73.28,6.4
393,Hami,24,CN,1554665119,73,42.84,93.51,47.54,1.36
394,Pascagoula,90,US,1554665005,78,30.37,-88.56,74.73,12.75
395,Necochea,0,AR,1554665015,49,-38.55,-58.74,80.75,6.4
396,Warah,8,YE,1554665120,61,13.4,44.12,67.25,2.26
397,Dwarka,75,IN,1554664507,53,28.58,77.04,83.84,5.82
398,Waingapu,44,ID,1554665120,93,-9.65,120.26,74.99,6.73
399,Natal,20,BR,1554663600,62,-5.81,-35.21,86.88,14.99
400,Mahibadhoo,88,MV,1554664866,100,3.78,72.97,85.61,4.94
401,Marsh Harbour,0,BS,1554664927,98,26.54,-77.06,77.33,11.88
402,Sabzevar,76,IR,1554665120,81,36.21,57.68,54.29,2.59
403,Mayo,90,CA,1554660000,74,63.59,-135.9,32,6.93
404,Dongsheng,0,CN,1554665121,74,29.72,112.52,69.95,12.44
405,Chambersburg,75,US,1554664925,49,39.94,-77.66,69.48,14.99
406,Tandil,0,AR,1554664504,31,-37.33,-59.14,82.99,4
407,Victor Harbor,75,AU,1554665010,77,-35.55,138.62,61.23,8.05
408,Alcains,92,PT,1554664547,90,39.92,-7.46,53.6,8.01
409,Nioro,0,GM,1554665121,20,13.79,-15.05,99.74,10.54
410,Ukiah,90,US,1554665001,72,39.15,-123.21,60.4,9.17
411,Raudeberg,0,NO,1554663612,48,61.99,5.14,40.26,19.46
412,Pangai,20,TO,1554663600,88,-19.8,-174.35,82.4,5.82
413,Tamandare,68,BR,1554664939,69,-8.28,-70.75,79.76,6.4
414,Tanolong,8,PH,1554665122,89,15.82,120.4,76.61,4.61
415,Boende,64,CD,1554665122,96,-0.28,20.88,72.92,2.15
416,Sombrerete,0,MX,1554665123,19,23.63,-103.64,66.35,3.38
417,Bambous Virieux,40,MU,1554664739,74,-20.34,57.76,79.65,16.11
418,Villamontes,0,BO,1554665123,52,-21.26,-63.47,77.96,3.49
419,Yeppoon,0,AU,1554663600,82,-23.13,150.74,66.2,3.36
420,Banyo,32,CM,1554665123,94,6.75,11.81,67.88,4.16
421,Kampot,20,KH,1554661800,83,10.62,104.18,79.66,2.24
422,Anadyr,0,RU,1554664350,60,64.73,177.51,8.35,13.42
423,Port Hedland,12,AU,1554663600,100,-20.31,118.58,78.8,4.7
424,Trzebiatow,0,PL,1554665030,64,54.06,15.26,50.4,5.82
425,Jawhar,0,IN,1554665124,90,19.91,73.23,67.16,2.82
426,Bonga,44,ET,1554665124,94,7.26,36.25,59.6,1.59
427,Sorland,20,NO,1554659400,59,67.67,12.69,33.8,5.82
428,Maple Creek,48,CA,1554665125,41,49.91,-109.46,51.68,15.23
429,Kibaya,40,RW,1554663600,60,-2.2,30.56,73.4,5.82
430,Filadelfia,0,PY,1554665125,77,-22.35,-60.04,77.6,8.97
431,Eyl,0,SO,1554664996,100,7.98,49.82,78.68,5.5
432,Grindavik,75,IS,1554664917,96,63.84,-22.43,43.23,13.87
433,Soyo,32,AO,1554665125,92,-6.13,12.37,80.39,3.15
434,Peniche,40,PT,1554664847,93,39.36,-9.38,58.37,11.41
435,La Rioja,0,AR,1554665126,71,-29.41,-66.86,74.81,4.05
436,Lasa,0,CY,1554664584,87,34.92,32.53,57.7,5.82
437,Bonthe,76,SL,1554665126,69,7.53,-12.5,84.71,6.73
438,Bowen,44,AU,1554665014,93,-20.01,148.25,67.24,6.93
439,Tarakan,56,ID,1554665050,97,3.3,117.63,82.01,6.17
440,Shieli,32,KZ,1554665127,53,44.18,66.74,53.12,17.69
441,Caibarien,75,CU,1554663000,51,22.52,-79.47,86,20.8
442,Singaraja,64,ID,1554665127,100,-8.11,115.08,72.56,1.36
443,Muros,90,ES,1554665116,100,42.77,-9.06,52.79,6.93
444,Abrau-Dyurso,0,RU,1554661800,58,44.7,37.6,58.69,17.9
445,Camacha,20,PT,1554663600,59,33.08,-16.33,64.4,16.11
446,Cairns,75,AU,1554664577,88,-16.92,145.77,70.97,12.75
447,Mehamn,75,NO,1554663000,63,71.03,27.85,29.73,16.11
448,Dzierzoniow,0,PL,1554664951,71,50.73,16.65,50.86,3.36
449,Anloga,75,GH,1554660000,94,5.79,0.9,75.2,9.17
450,Kandrian,100,PG,1554665129,100,-6.21,149.55,72.56,2.71
451,Burnie,0,AU,1554665044,77,-41.05,145.91,47.73,1.99
452,Nakasongola,24,UG,1554665129,74,1.32,32.46,73.73,5.28
453,Xingyi,0,CN,1554665129,65,24.19,102.82,61.4,6.4
454,Feijo,75,EC,1554663600,59,-3.63,-79.92,89.6,6.93
455,Puro,56,PH,1554665130,93,13.13,123.76,74.27,3.27
456,Erzin,75,TR,1554665012,72,36.95,36.2,62.06,20.8
457,Amahai,32,ID,1554665130,100,-3.31,129,83.63,1.48
458,Pevek,24,RU,1554665130,88,69.7,170.27,-6.55,5.39
459,Agboville,56,CI,1554665131,100,5.93,-4.21,80.03,5.06
460,Batticaloa,20,LK,1554664865,100,7.71,81.69,81.38,7.4
461,Konevo,88,BG,1554664815,94,41.67,25.61,55.99,2.59
462,Peace River,75,CA,1554660000,93,56.23,-117.29,39.2,6.93
463,Mae Sot,0,MM,1554665131,70,16.71,98.57,71.75,1.92
464,Capari,75,MK,1554660000,62,41.06,21.18,53.6,3.36
465,Cotonou,20,BJ,1554660000,94,6.37,2.43,75.2,10.29
466,Viru,80,EE,1554664815,61,57.74,26.74,49.19,5.82
467,San Francisco,1,US,1554664833,82,37.78,-122.42,64.65,6.93
468,Suna,20,KE,1554665133,80,-1.08,34.43,74.45,8.75
469,Qingdao,0,CN,1554660000,27,36.09,120.35,50,4.47
470,Hammerfest,75,NO,1554663000,74,70.66,23.68,29.43,20.8
471,Iquitos,90,PE,1554660000,88,-3.75,-73.25,75.2,5.82
472,Nara,90,JP,1554664282,93,34.68,135.8,51.01,13.87
473,Novaya Lyalya,32,RU,1554665134,84,59.05,60.6,28.91,2.93
474,Dicabisagan,64,PH,1554664989,100,17.08,122.42,73.46,3.04
475,Dunedin,0,NZ,1554665066,81,-45.87,170.5,54,15.01
476,Warrnambool,36,AU,1554664944,97,-38.38,142.48,53.46,1.99
477,Brazzaville,20,CD,1554663600,65,-4.27,15.27,79.66,4.7
478,Los Andes,0,CL,1554665111,17,-32.83,-70.6,89.13,12.75
479,Monteagudo,0,BO,1554660000,47,-19.8,-63.96,78.8,3.15
480,Praia da Vitoria,40,PT,1554664514,55,38.73,-27.07,59.18,24.07
481,Guaruja,90,BR,1554664592,94,-23.99,-46.26,78.51,5.82
482,Karratha,44,AU,1554665136,89,-20.74,116.85,75.89,2.82
483,Rawson,36,AR,1554664931,36,-43.3,-65.11,80.66,3.04
484,Mangan,0,IN,1554665136,89,27.5,88.54,28.01,1.7
485,Jinxiang,48,CN,1554664196,46,35.07,116.31,62.01,9.64
486,Tilichiki,48,RU,1554665137,83,60.47,166.1,18.29,3.27
487,Limbang,75,BN,1554661800,94,4.75,115.01,78.35,3.36
488,Hokitika,0,NZ,1554665137,100,-42.72,170.96,50.6,9.31
489,Bisira,56,PA,1554664974,64,8.52,-81.71,83.81,1.25
490,Nizwa,32,OM,1554665137,23,22.93,57.53,77.33,5.39
491,Charyshskoye,8,RU,1554665138,80,51.4,83.56,24.41,3.49
492,Yatou,75,CM,1554663600,94,3.63,9.81,80.6,5.17
493,Nabire,88,ID,1554665138,95,-3.36,135.5,67.52,1.7
494,Tezu,92,IN,1554665138,54,27.93,96.16,60.5,1.92
495,Henties Bay,0,NA,1554663729,89,-22.12,14.28,57.99,5.01
496,Muli,0,IN,1554665053,39,22.62,71.45,85.16,14.56
497,Beirut,0,LB,1554664547,64,33.9,35.48,60.57,3.36
498,Ondjiva,80,AO,1554665139,42,-17.07,15.73,81.56,1.14
499,Xiuyan,0,CN,1554665139,59,40.29,123.27,29.99,5.28
500,Riyadh,56,SA,1554663600,39,24.63,46.72,78.8,13.87
501,Santa Vitoria do Palmar,20,BR,1554665139,86,-33.52,-53.37,72.47,4.61
502,Brufut,5,GM,1554663600,47,13.38,-16.75,80.6,6.93
503,Montauban,0,FR,1554664924,62,44.02,1.35,49.6,6.93
504,Tabuk,76,PH,1554665140,96,17.41,121.44,68.69,1.36
505,Qiongshan,0,CN,1554660000,94,20.01,110.35,77,4.47
506,Kushima,0,JP,1554664348,62,31.5,131.29,55,7.18
507,Vila Franca do Campo,20,PT,1554665104,62,37.72,-25.43,56.03,17.22
508,Antequera,12,PY,1554665141,77,-24.09,-57.2,76.07,5.95
509,Prieska,76,ZA,1554665141,93,-29.67,22.74,58.61,3.71
510,Veraval,0,FR,1554665092,76,49.65,0.71,51.55,6.93
511,Huarmey,8,PE,1554665141,56,-10.07,-78.15,78.68,3.71
512,Stokmarknes,20,NO,1554664611,96,68.56,14.91,33.21,6.93
513,Badarwas,0,IN,1554665142,81,24.97,77.57,67.43,4.05
514,Zlitan,0,LY,1554665142,74,32.47,14.57,62.12,10.98
515,Sitka,0,US,1554664551,33,37.17,-99.65,73.99,13
516,Manama,0,AE,1554663600,29,25.33,56.02,84.31,4.7
517,Mbini,88,GQ,1554665142,97,1.58,9.62,82.01,6.4
518,Portland,75,US,1554665044,76,45.52,-122.67,51.75,6.51
519,Springfield,20,US,1554664965,54,37.22,-93.29,78.26,14.99
520,Guarapari,20,BR,1554664754,66,-20.67,-40.5,86.22,14.99
521,Ciudad Bolivar,12,VE,1554665143,38,8.12,-63.55,94.25,12.55
522,Ayagoz,0,KZ,1554665144,69,47.96,80.43,31.88,8.19
523,Havre-Saint-Pierre,75,CA,1554663600,38,50.23,-63.6,26.6,19.46
524,Barcelos,90,PT,1554665009,93,41.53,-8.62,54.59,16.11
525,Betare Oya,44,CM,1554665144,83,5.6,14.08,75.17,0.92
526,Sawtell,40,AU,1554664989,93,-30.38,153.1,63.21,6.4
527,Imeni Babushkina,80,RU,1554665144,92,59.76,43.13,38,10.65
528,Rundu,32,NA,1554664938,45,-17.91,19.77,77.69,5.17
529,Poya,20,NC,1554665145,100,-21.35,165.16,75.08,15.23
530,Kontagora,76,NG,1554665145,81,10.4,5.47,82.73,4.72
531,Khandbari,0,NP,1554665146,87,27.38,87.21,34.58,1.14
532,Bintulu,75,MY,1554660000,94,3.17,113.03,78.26,2.24
533,Otradnoye,0,RU,1554665136,45,59.77,30.8,42.1,6.71
534,Port-Cartier,75,CA,1554665003,27,50.03,-66.88,25.92,16.11
535,Abalak,0,NE,1554665146,16,15.46,6.28,93.44,7.52
536,Semaria,92,IN,1554665147,64,24.31,79.97,71.93,2.71
537,Inhambane,20,MZ,1554660000,83,-23.87,35.38,77,10.2
538,Punta Gorda,40,US,1554665146,40,26.93,-82.05,87.13,10.29
539,Puerto Carreno,20,CO,1554663600,39,6.19,-67.49,98.6,6.93
540,Siderno,20,IT,1554665106,71,38.28,16.3,55.81,9.17
541,Miloslavskoye,0,RU,1554665148,81,53.58,39.44,32.96,2.59
542,Fonte Boa,88,BR,1554665148,90,-2.51,-66.09,78.95,6.85
543,Eureka,75,US,1554664803,68,40.8,-124.16,59.13,17.22
544,Bani,0,PH,1554665148,100,15.89,120.27,75.08,4.27
545,Noumea,40,NC,1554663600,93,-22.28,166.46,62.6,13.22
546,Ilo,0,PE,1554665149,66,-17.65,-71.34,75.26,3.94
547,Casteltermini,64,IT,1554664891,75,37.54,13.64,49.86,8.01
548,Valparaiso,20,US,1554665110,46,41.47,-87.06,70.02,14.99
549,Pemba,40,MZ,1554660000,88,-12.97,40.52,82.4,13.87
550,Keetmanshoop,0,NA,1554663600,25,-26.57,18.15,73.4,14.99
551,Palaikastron,0,GR,1554664294,86,35.2,26.25,60.01,3
552,Kruisfontein,8,ZA,1554664905,71,-34,24.73,69.32,18.14
553,Takoradi,68,GH,1554665150,93,4.89,-1.75,83.54,12.1
554,Laguna,5,MX,1554662580,22,27.52,-110.01,86,11.41
555,Emerald,0,AU,1554663782,93,-23.53,148.16,64.2,4.7
556,Kununurra,76,AU,1554661800,83,-15.77,128.74,80.6,4.7
557,Bail Hongal,0,IN,1554665151,72,15.82,74.87,74,5.61
558,Tiznit,44,MA,1554664974,74,29.7,-9.73,62.39,11.43
559,Bud,75,NO,1554664527,51,62.91,6.91,37.27,13.87
560,Barinas,0,VE,1554665151,39,8.64,-70.23,95.78,10.76
561,Foumban,76,CM,1554665152,75,5.73,10.9,73.73,0.92
562,Partenit,64,UA,1554665152,77,44.58,34.34,52.13,7.74
563,Kovur,0,IN,1554665152,55,14.5,79.99,78.86,7.85
564,Champoton,40,MX,1554662520,41,19.35,-90.72,95,17.22
565,Cabanbanan,68,PH,1554665152,97,10.18,122.9,75.08,2.82
566,Ulladulla,0,AU,1554664454,67,-35.36,150.48,60.03,3.36
567,Quang Ngai,0,VN,1554665153,92,15.12,108.8,67.88,2.26
568,Islahiye,75,TR,1554665012,82,37.03,36.63,57.2,2.24
569,Impfondo,48,CD,1554665153,78,1.62,18.06,77.78,3.6
570,Salta,20,AR,1554663600,36,-24.79,-65.41,79.79,5.82
571,Shakhtinsk,0,KZ,1554661800,86,49.71,72.59,28.4,4.47
572,Oksovskiy,12,RU,1554665153,89,62.61,39.91,31.16,4.61
573,West Helena,88,US,1554664525,88,34.55,-90.64,66.09,8.05
574,Okhotsk,0,RU,1554665154,91,59.36,143.24,22.16,1.59
575,Grand Gaube,40,MU,1554665040,74,-20.01,57.66,79.3,16.11
576,Bhawanipatna,8,IN,1554665154,68,19.91,83.17,71.84,3.83
577,Beloha,0,MG,1554665155,58,-25.17,45.06,79.85,13.67
578,Boda,8,BD,1554665155,89,26.2,88.56,63.56,4.38
579,Vaitape,92,PF,1554664921,100,-16.52,-151.75,83.63,16.91
580,Aksu,0,KZ,1554661800,85,52.04,76.93,24.8,6.71
581,Ranong,20,TH,1554660000,100,9.96,98.62,77,2.24
582,Xining,88,CN,1554665020,97,36.62,101.77,38.09,2.37
583,Kerman,75,IR,1554663600,34,30.29,57.06,64.4,6.93
584,San Clemente,1,US,1554664909,68,33.43,-117.61,72.28,8.05
585,Ouro Preto do Oeste,64,BR,1554665147,76,-10.75,-62.22,79.94,3.27
586,Samur,8,RU,1554665156,95,41.83,48.49,47.27,4.05
587,Gloversville,90,US,1554665139,51,43.05,-74.34,63.73,3.15
588,Holoby,0,UA,1554664237,87,51.09,25.02,45,3.04
589,Bainbridge,32,US,1554664883,54,30.9,-84.58,82.71,7.63
590,Boguchany,12,RU,1554665157,57,58.38,97.46,30.71,7.4
591,Port Moresby,75,PG,1554663600,94,-9.47,147.16,75.2,5.82
592,Yaan,48,NG,1554665157,64,7.38,8.57,86.96,7.07
593,Nouadhibou,0,MR,1554660000,56,20.93,-17.03,71.6,17.22
594,Mandan,1,US,1554665014,76,46.83,-100.89,62.08,24.16
595,Akdepe,0,TM,1554661800,47,42.05,59.39,56.14,6.93
596,Tekkali,0,IN,1554665158,64,18.62,84.23,77.96,4.27
597,Marawi,36,PH,1554664502,88,8,124.29,78.01,4
598,Kaeo,0,NZ,1554664085,94,-35.1,173.78,48.99,7.07
599,Snasa,75,NO,1554663000,60,64.25,12.38,39.2,9.17
600,Manta,88,RO,1554664981,68,45.1,24.1,50.24,4.94
601,Christchurch,90,NZ,1554664940,100,-43.53,172.64,44.98,3.36
602,Warmbad,0,DE,1554665117,70,50.67,13.08,52.16,5.82
603,Kalmunai,20,LK,1554665159,96,7.42,81.82,76.25,3.15
604,Coahuayana,0,MX,1554665159,20,18.62,-100.35,86.33,3.15
605,Pierre,1,US,1554665032,22,44.37,-100.35,69.19,21.92
606,Loukhi,48,RU,1554665160,91,66.08,33.04,30.71,5.39
607,Escanaba,1,US,1554664784,81,45.75,-87.06,50.22,9.17
608,Inuvik,20,CA,1554663600,56,68.36,-133.71,8.87,2.24
609,Ajaccio,88,FR,1554663600,81,41.93,8.74,51.33,4.7
610,Qasigiannguit,75,GL,1554663000,41,68.82,-51.19,41,18.34
611,Cockburn Town,0,TC,1554664867,96,21.46,-71.14,79.31,16.8
612,Kungurtug,80,RU,1554664989,76,50.6,97.53,20.99,5.73
613,Teguise,40,ES,1554663600,64,29.06,-13.56,68,12.75
614,Skjervoy,20,NO,1554663000,50,70.03,20.97,31.28,10.29
615,Japura,56,ID,1554665161,92,-0.42,102.29,76.97,2.15
616,Mao,40,DO,1554665137,45,19.55,-71.08,86.56,16.11
617,Jilotepec,0,MX,1554665162,38,19.61,-96.95,82.01,2.59
618,Constitucion,20,MX,1554664816,19,23.99,-104.67,67.5,5.95
619,Tanout,0,NE,1554665162,18,14.97,8.88,95.24,3.83
620,Punganuru,0,IN,1554665162,52,13.36,78.57,75.62,7.18
621,Igarka,80,RU,1554665163,89,67.47,86.57,26.3,22.73
622,Karlskoga,44,SE,1554665138,56,59.33,14.52,42.37,8.05
623,Yulara,0,AU,1554660000,37,-25.24,130.99,66.2,4.7
624,Tera,0,CY,1554664584,87,34.97,32.42,57.72,5.82
625,Monrovia,40,LR,1554661800,74,6.33,-10.8,84.2,5.82
626,Comodoro Rivadavia,75,AR,1554663600,58,-45.87,-67.48,59,12.75
627,Aras,12,YE,1554665164,68,14.28,44.38,54.83,2.59
628,Hailar,88,CN,1554665094,76,49.2,119.7,24.77,8.19
629,Sola,20,NO,1554665104,81,58.89,5.65,42.31,6.93
630,Qiqihar,76,CN,1554665164,77,47.35,123.91,33.32,7.63
631,Ballina,75,IE,1554664923,81,54.11,-9.15,48.88,13.87
632,Okato,20,NZ,1554665165,100,-39.19,173.88,55.82,16.02
633,Teknaf,0,BD,1554665165,93,20.86,92.31,71.03,2.59
634,Williston,1,US,1554664627,23,48.15,-103.62,59.85,14.99
635,Mansa,0,IN,1554661800,54,23.43,72.66,84.2,5.82
636,Coihaique,90,CL,1554663600,87,-45.58,-72.07,59,5.82
637,Aracati,0,BR,1554664954,89,-4.56,-37.77,83.36,7.63
638,Araxa,92,BR,1554665166,96,-19.59,-46.94,69.95,7.96
639,Monmouth,90,GB,1554665163,93,51.81,-2.72,51.84,8.08
640,Russell,0,AR,1554663600,18,-33.01,-68.8,84.2,5.82
641,Hobyo,0,SO,1554664981,90,5.35,48.53,78.59,6.73
642,Pand,0,HU,1554665123,76,47.35,19.64,55.35,5.82
643,Chara,75,GR,1554665004,67,39.42,22.43,58.8,6.93
644,Brigantine,1,US,1554664908,59,39.41,-74.36,63.75,9.17
645,Enshi,0,CN,1554665167,67,30.29,109.48,57.53,5.95
646,Iisalmi,0,FI,1554663000,48,63.56,27.19,41,1.12
647,Oda,64,JP,1554665167,100,35.19,132.5,50.96,3.38
648,Lingyuan,12,CN,1554665168,48,41.24,119.4,32.96,4.05
649,Posse,20,BR,1554665168,80,-14.08,-46.36,81.47,5.06
650,Ipixuna,75,BR,1554663600,83,-1.76,-48.8,80.6,8.05
651,Progreso,0,UY,1554664585,56,-34.68,-56.22,71.71,8.05
652,Cambara,56,BR,1554665168,79,-23.05,-50.07,80.12,4.83
653,Shamary,44,RU,1554665169,84,57.34,58.22,35.39,9.98
654,Sao Joao Batista,88,BR,1554665169,100,-3.13,-58.38,76.97,6.73
655,Moree,0,AU,1554664575,52,-29.46,149.84,66.07,11.41
656,Alyangula,90,AU,1554663600,100,-13.85,136.42,73.4,2.24
657,Yablochnyy,24,RU,1554660000,92,47.17,142.07,24.8,2.24
658,Hauterive,0,FR,1554664526,53,46.09,3.45,49.21,8.05
659,Ust-Kalmanka,0,RU,1554665170,75,52.12,83.31,21.08,3.38
660,Anzio,5,IT,1554665164,87,41.45,12.63,52.16,3.36
661,Tulun,36,RU,1554665171,64,54.56,100.58,29.45,4.94
662,Matara,75,PE,1554663600,54,-13.74,-72.9,55.4,2.48
663,Fukagawa,80,JP,1554665171,91,43.72,142.05,27.11,2.59
664,Tsiroanomandidy,20,MG,1554665171,90,-18.77,46.05,64.64,4.16
665,Carutapera,92,BR,1554665172,94,-1.2,-46.02,80.21,3.83
